tree_id,tree_name,surname,revision_time,creator_user_id,created_at
1,王氏族谱第1卷,王,2026-01-01,1,2026-06-18T07:49:54+00:00
2,李氏族谱第2卷,李,2026-02-01,2,2026-06-18T07:49:54+00:00
3,张氏族谱第3卷,张,2026-03-01,3,2026-06-18T07:49:54+00:00
4,刘氏族谱第4卷,刘,2026-04-01,4,2026-06-18T07:49:54+00:00
5,陈氏族谱第5卷,陈,2026-05-01,5,2026-06-18T07:49:54+00:00
6,杨氏族谱第6卷,杨,2026-06-01,6,2026-06-18T07:49:54+00:00
7,赵氏族谱第7卷,赵,2026-07-01,1,2026-06-18T07:49:54+00:00
8,黄氏族谱第8卷,黄,2026-08-01,2,2026-06-18T07:49:54+00:00
9,周氏族谱第9卷,周,2026-09-01,3,2026-06-18T07:49:54+00:00
10,吴氏族谱第10卷,吴,2026-10-01,4,2026-06-18T07:49:54+00:00
